player_id,drafted
c6d3ce49-28b6-4756-8061-b2bd68730c52,0.51
24dd0ae2-9d22-4d31-9cb6-c31f58f903b5,0.92
0cf3e822-9446-4285-b7ed-7c19d8e976fe,0.14
b1a88de0-6852-4597-bb92-9164b40758e5,0.71
97c327ce-d051-40f0-9166-1a43557c3c92,0.6
34fe41f0-255d-4274-8462-860a221a9d5a,0.2
f7292ab7-feed-434f-8cba-b193a02276c0,0.82
ac793895-8cec-4d08-9480-5d0458522614,0.86
8b241a30-61cc-43a2-a4b3-fe4a632ef573,0.74
5ab8c5c9-eac3-469a-9400-63f685d365b5,0.74
764918b8-ddea-466e-89d6-9322dba2291b,0.87
f99541d2-60fc-416d-909e-abd7dc88aaf6,0.99
cb7675b3-06a3-448f-95b8-ac1bec00488a,0.23
2c611c62-0369-4a50-b7c1-700673df1964,0.02
580c861f-2ee9-4087-9b84-1339d83d467e,0.21
5fa6c67d-776c-4338-b064-6309d770a2c5,0.52
c580539f-84fd-421a-b2fc-7cf56ddb596d,0.01
442aa033-15b1-418d-b4d3-8c1adfe2dd74,0.87
ca0eb92b-835b-45fa-950b-382609b0d270,0.29
56db5cb1-dff0-4915-a0b3-39c79e724d6f,0.37
e131f57b-1709-4599-827c-2d22b55cce5f,0.01
bf880bcc-8213-4ba5-9980-e74c9cdac0c2,0.63
cc75eb26-5b3f-4d2b-9641-7d3542d5f015,0.59
c75c0267-e95d-497b-869e-3c2914f7f0bd,0.2
e8e02909-9496-4ce6-8f7e-a9496c7c70fd,0.32
8874e568-0fcb-40e6-8f5f-e862ad84d62c,0.75
3867d275-e17f-41dd-9688-08fc9ed39a95,0.57
164e93aa-6e50-4328-897e-9594fc5626a2,0.21
f224b164-bf47-4dc5-9101-70f2ce57a322,0.88
645a7c48-4ec0-4380-9751-0326d7b84600,0.48
45d4eaa3-5226-4532-8ba4-0753362b0971,0.9
2478c0b7-a979-4393-aa3d-b3f408c40763,0.58
8469846d-f4e8-48cd-872b-73e53d2c6910,0.41
5001dafd-4db5-47e3-b281-da0f52a62f11,0.91
2d298957-f1e4-48c6-8abd-6493ddc94ce4,0.59
6ffdd80e-abec-476b-a420-a55541f96431,0.79
d573bdc9-e541-4cf2-aee8-ad1b52dd412c,0.14
07667cba-1e25-4215-b648-e363d8ffc637,0.61
a34f3a77-bc08-46e7-828f-ce934737b4e7,0.61
0807c9b9-f608-4912-9b3d-705fe955fe33,0.46
5e363080-689b-460a-85c5-71149bc98dac,0.61
d4c0bb14-8712-4ef1-878a-1e2e1226f63b,0.5
2142f6f9-3821-4b4d-9872-a42a766605e1,0.54
17e05e2f-86e6-4a32-9ace-fdc4a81e92aa,0.63
5b3980a5-c52a-4dca-84b1-f6c90b8ca3a7,0.02
bd9925c0-3f2c-4b2d-96a1-3aab866f715c,0.5
946f2535-92d0-4475-9117-30fe634b1a64,0.06
2c0a1d35-92f2-4749-abcc-e3bc4f6a6c21,0.2
a5e216e2-ec25-431f-9519-8bf3339454b8,0.72
fc34c322-02d3-49ca-9136-36cf9d646a9c,0.38
51eb6684-6ce2-4aff-99ef-a53279705829,0.17
0f0a1f76-cdd6-4602-a5d5-2bc851582f93,0.03
781174d6-5dc0-4bc6-b2b1-6b4902a02eea,0.88
e9e1e094-22f2-411f-9a4d-408c6def6fad,0.59
4571f52e-e0e9-4b5f-ab59-7aaa420fe2d0,0.13
be1ad6d3-60b4-48f8-8de3-e03a7125b592,0.08
b64e4146-8b34-42ef-b3f4-397b92722398,0.89
7638d874-9e5c-4a40-abc2-267fcdd1ee0c,0.52
7574df39-21c2-4920-9f5d-5c0c6e37a58c,0.01
f2deeb90-bb68-4c65-adfe-4860c8ce28dc,0.83
93b82cd1-0bd0-4922-a7fa-ec7637c93c4f,0.91
68a594c2-37be-4c10-b024-fc9441143a1f,0.59
18fba9df-2026-4f01-bce8-984803a32a16,0.7
de6573e1-c764-41ee-8905-93b2081f599c,0.43
d8a59c62-decc-47e9-ba1f-a93f36138c67,0.07
fc4faf09-2d20-4c4f-924d-52d553bfeb83,0.46
db22cd2a-bc19-40fa-86e9-7fb3e2c2a163,0.34
88bcca86-e8e1-4840-b43d-df665c64388a,0.77
0d40ff57-e6c3-4b57-bb1d-6f8069cc53fa,0.8
48007157-b51c-4daa-a82d-738923d9b58b,0.35
1416c52b-79f9-45d7-a07e-733372e97303,0.49
f835b110-c12d-4849-a161-a7f510635ed6,0.03
27ff7885-8b1f-4712-b012-8cbe35aaf0f3,0.01
fefbebbb-de67-4394-8a7f-321ba64d4400,0.05
3fd7f490-1660-4bba-adbd-7a0dbf668a62,0.53
139a2b07-10d1-4441-977a-6cedcbfbb2c1,0.03
a19d5d94-629f-4b85-8b09-ae32083ac51e,0.53
9dac5ab3-f9f2-4c59-8b28-e74927a108fa,0.92
3acfdf41-17c4-4296-9f93-be4336fb00ac,0.62
82bdcea1-9093-4327-b692-90fd9f9e2acb,0.17
5de3c1c2-85f3-4498-a3ae-78d23085dd2e,0.89
71abfaad-30b0-4d0f-b5c9-bf7c770701e8,0.43
da1aed7c-472e-47d6-ac40-8acfde020743,0.33
6013972c-2853-4d5c-aa96-5c4f9edc3038,0.73
f70f7e9b-89c0-4256-aea9-57ccbddd9c2f,0.61
fddf5650-9115-4d89-aeba-47aa0ca92eda,0.99
0af8c84b-3202-45e6-a51f-a32e95f6ec39,0.13
a6c20b00-05d1-4ad2-bd6d-9236261a961b,0.94
f0fa4722-722f-4fe3-8d72-6a470873dd9c,0.47
ad0aec16-3de2-4338-b57e-47ec4b2ce7ff,0.14
87c788d2-5967-49e7-b7bf-3757bf776cbf,0.71
bac013b4-c020-43df-bc3b-4c6a19f977c4,0.77
6f46e6d8-34c6-4157-9989-ceeb39bd7456,0.86
024b9381-4de0-4ad5-bfd1-2e7b2036571e,0.61
1083ad05-c96b-4f7f-9523-38028f34dbe3,0.39
d6211668-121d-49d9-bb9d-a08c63f0edb0,0.84
9e571deb-f1b0-40b0-979d-720c332c245b,0.79
f00b64f1-abf5-4fef-bd98-6e0ae071edfe,0.81
67c08bcc-3d10-49a2-a0e5-c8737dfef287,0.52
17afd01d-7f91-4819-9ef3-734db03d12c2,0.23
3eae0610-6760-4c6f-8ae4-30df4ab51d52,0.25
5c9cbbfe-0aa0-49ff-8bb7-49d0d53c45ce,0.88
8db1a46c-2cf6-4bae-9591-d7fd357779e2,0.59
bc0e309c-d338-4e2b-a92d-d6ff15f22008,0.4
c468fa73-5826-4c4a-8f02-590d0baa7991,0.28
26d14cb5-a811-4d6e-b4a5-e0ae417641a5,0.14
6a0802d6-d02a-4e45-a541-1c013824428c,0.44
11e864a1-daaf-4214-9d00-8969eee64fcf,0.64
a5e511c2-322a-4797-8c8c-f194b6cd6d6f,0.88
cd9e2614-7d1e-4fd9-ad46-47d3a5cd0d97,0.7
0004b489-9b22-4af9-868c-186ca26f98fb,0.08
51774b0a-bd5c-48a9-889b-5d51830ac1d4,0.87
22c59629-85d3-4a77-9d7f-7e54724bafb0,0.0
07dc2820-cde6-4e52-a9d1-3249b40ad3a3,0.07
fc80f739-fbc0-49f4-b25e-418a6cc4c26a,0.87
e9d414de-d2c9-461a-82f8-7ce74d6db55c,0.62
45503c51-3967-4f28-8b32-077a29644c4a,0.1
ddc3fef3-2b17-47f0-aa19-c4b588fe5b45,0.8
9c7a7af3-4b33-42cd-951b-ab13e717bf8e,0.07
a12721c7-2234-46c2-b862-2fd0f99ea0e4,0.34
7efb5e4a-ed35-41a2-b6c7-10b271f73995,0.34
8ed0f54b-4e24-4dd9-a33c-b55beb93ab16,0.32
c27929a7-ecbd-48d6-9117-03fe29904ca1,0.04
6b47e20a-0a96-4e12-8526-e9e61a83d348,0.4
4e8bee77-ccae-4eda-98b3-4762ee6873d3,0.27
01d0d4b2-1cab-4392-9185-c45f60fa6adc,0.06
ae2b0cf0-5502-4661-a896-22bf7c00a0b7,0.72
e668f52d-f274-44bb-b477-524d5bde9070,0.71
7353cc2d-7148-4875-90bb-917769bb98da,0.11
58868a66-5d74-46ae-aa3b-9e620be4dfb8,0.33
f06825fd-d8a5-46c1-b2bb-da83bcfbc63d,0.32
ee9877b6-e4ce-4a20-a076-2bbb3e3b0aa8,0.47
5c914208-1f07-4ffe-80a0-b44cab0253de,0.22
2b043db6-0e65-4e7f-b95d-f9ffa9641aaf,0.61
c41323ad-c95f-4a46-a1a5-3fd05a1fdde6,0.87
301abdbe-24d7-4eca-a8ae-8ff232718da6,0.36
0b2069bc-3c08-41b7-a466-2de500566642,0.98
8e17ea61-e264-4b95-bc7f-31a087c6d621,0.43
ea19f93c-1cb0-4ce7-94c5-6e38b59cb847,0.85
36c55f4e-3c4a-48ee-a7f7-f590fa3a553f,0.9
726a5c86-381c-4e69-80fe-22793dd7a5dc,0.34
91f3e3ae-e636-469b-9834-14b08d41dc0b,0.64
69df2a5a-41fe-42fa-999e-92700597ce5f,0.98
ce7b9d51-e982-4e52-9372-c6b2ad4a82a1,0.46
9c31e09d-c6bf-45a7-8d42-f83feafe216b,0.77
ba54f6d0-5f52-465f-8698-a29fe5b68cc0,0.02
ddf5a880-30e4-4205-a693-88a29a18a900,0.0
ef2e5082-c5e5-4a3f-91e9-513c5ed9fcb7,0.04
fdb794a2-33b2-44f7-aeb0-9b5479fb7884,0.89
c5b3a1c7-2443-4d71-b0b2-6b3200da90a8,0.13
359c443a-e51d-41c7-afd3-1addc3e2d7fa,0.26
a6d751e5-9e2d-4223-86f9-c056805c1f0b,0.08
693afa03-92a4-4112-848f-d196720bf6a9,0.78
280b815c-7805-4fa1-b5a3-efac7f0f3042,0.14
52fce6dc-906d-4574-af94-f1e3ddc97d35,0.89
28494bc2-1746-412e-aa1f-c148c6d41a01,0.41
b5d334d3-204f-4840-bcdb-cf5440b96b2b,0.76
27870761-704f-4f93-b07b-3dd40613c63d,0.5
08303197-804e-44e6-bee2-e49a035faea2,0.62
0439d35e-e05f-4de4-a3fa-bf62b3d44945,0.95
fcc78b93-dc9f-4309-b92d-6f1cdacfe477,0.51
4ba16e4e-78b5-4079-98ec-d81213b13243,0.95
8070bec6-45c3-4aba-9a6d-de40907fa6db,0.03
bbebb4a6-0e03-454a-8580-6cbb5eb51e55,0.93
36ce52d8-6c26-421b-a5ce-577ed9b7d29c,0.22
1fc493b6-2e22-4788-9fd8-4df614ed6ba0,0.14
84a78c4f-ab90-4b0d-a277-da2edd70d438,0.42
675af396-6b81-473d-955f-40fab409be30,0.28
eafecb8a-116d-4ada-8928-c1305968692b,0.35
0634670e-37b9-45d9-a975-744f214f1a28,0.12
937cef2f-5719-4350-9bde-d999bbf532ae,0.31
53c73de0-32fa-4647-b9f0-602032ee8133,0.7
56c60df5-0aa1-45b4-8b12-c970c46e0094,0.58
e860d95f-ce8f-4683-90a7-fc3bc0d81fbf,0.85
38508f8c-ab77-47e4-9276-c13334cef4df,0.27
a5e5296f-9f0b-408b-a255-25a84b0ebda7,0.65
ea466a06-9bee-4f2a-878b-5520669d609a,0.41
cd6f27cb-8a73-4127-8235-55c557fbe4f3,0.44
8f2d0219-bf57-40ad-88ab-177e709f9d9f,0.61
8999c9a5-f628-4701-a2aa-b14daaf07a30,0.56
0554e8fa-96da-4839-9587-7179e31ffb4f,0.05
72deabe8-3dcd-4693-8b77-9ffbffa5e5e9,0.27
674f1701-0cbe-47e9-9d98-c8cd642248b9,0.27
76c845fd-e5cd-426b-9021-5a1233df2f14,0.43
5aae061a-4ad9-4b9a-a906-8ea9ad4d0e8d,0.83
b1693659-1cdf-4d7b-b5f2-e2dfa1e5b0a3,0.29
e78db1f7-1e8e-43e0-9e22-1775e7741ee8,0.61
3c16d368-cf5f-4f71-a904-e505659dab54,0.74
7a512585-14f4-447c-ac7c-93b78f4bbab5,0.91
c9b88dc7-e2a4-4cde-897d-7d378e7ef782,0.88
55701863-660a-4388-9846-c0e2b98e8bc3,0.61
648ea375-ca51-4c36-b20a-0f24f323ab1f,0.96
f6b9d2fb-9cf5-4388-ad45-42fb3def68ca,0.0
0242c804-fcea-4f18-861d-a6e81fef11e2,0.26
b69faacc-6936-4798-86a2-92221d40a78c,0.61
ac7daacf-39a0-47c7-9740-6b70e2559858,0.76
09e0bd05-8d7d-4f8b-8e1f-37b17b606525,0.02
ef3fe11e-b71f-475e-871b-1b7f1fe9725a,0.69
36998af7-2102-4dc6-a4b2-a1b28a621374,0.71
c569520c-c415-487a-ba1b-a241b2b71fcc,0.26
c52b332a-3224-47f1-a356-2380fc0d6a8e,0.08
364579c0-dbe4-4cff-8a8c-6fd2677131fa,0.61
56b9bc78-ceb8-40bf-9048-03af7ef15a6b,0.36
8151c987-a70e-4d0a-8414-6da48469f61a,0.96
add70348-9484-4d0f-98bb-a3e407cd072c,0.5
36aea9e7-abeb-4f06-a8da-0f27d1d94752,0.43
90a3a999-5401-4f14-b95d-a5587e925bb9,0.23
1cc859e0-1196-4ee9-b5b7-39da632e13e6,0.78
9beab2c6-e7b9-4844-9240-6526abaf8d6e,0.58
7bdb4e6f-87ef-4891-9c68-66bec76d90e0,0.31
c773ff65-3a48-4cdb-93d6-b4e16c2e6791,0.95
06074df6-252f-4a44-a567-3ef228ae56f3,0.87
ea246ee4-dc90-49d0-b7fc-9f4110b9a156,0.51
27c78f8f-f71f-4fdd-b9e4-5a9b7bcc50d0,0.61
5b404d88-5283-4c15-a71a-e61da66493b6,0.57
51ce02c9-5802-4c10-930f-66636b2d80cf,0.51
11198a33-c68a-4ed0-b494-e97eda994022,0.11
9f2e3b7f-1e8a-4175-bc6b-163ef246c696,0.38
09473f40-74b4-4461-8b36-43ef3f74444f,0.01
f1ac3cc8-1fe6-42cd-aebe-6bd2e347d87b,0.02
a7102afe-0a38-4634-be53-5d767b266900,0.55
21bf9916-01b6-482b-a8e4-408eee2d1ab4,0.8
646502bd-13fb-4a56-b984-e313173748f7,0.58
73ec806e-28e1-4916-b1e1-dae558b0dd99,0.01
24b8faf5-f6fc-47e0-9014-18b0665ee077,0.01
579fa5a8-7940-4a9b-8494-5065e79a234e,0.91
b2fe24fe-f5f7-42d7-824f-7f46ff40bd61,0.53
1629d0c2-f5ac-476a-af0c-1f9d28df0949,0.86
35e1d7ca-f5fe-496a-bc74-88b2c25ccde7,0.95
eb0154d3-d35d-4029-909b-3435d9563efd,0.96
ce13b083-a6bc-4dc7-b728-ab11fd0e3400,0.0
b45a6e08-c48c-4ae6-b900-2c50ec9d34fc,0.18
e420c848-9e9d-435e-bb94-f28bbf6c5547,0.01
0ab224cd-4dd6-4444-8e27-b6a8c6d1ce57,0.52
18272e3d-87c2-4974-87ed-ec302e4b5f79,0.43
1d8d7d5f-e034-4eb5-b41e-8e9d28dd9c31,0.89
5a2de285-4061-4c92-aebe-b4e400510a82,0.31
d187d7a2-a824-4b68-89df-a6bf7588f1f3,0.69
3e94c74c-4fe7-4d93-8be9-c3ba517b2f1a,0.31
a02a1450-9216-423e-8c64-a1f0438ee28f,0.67
7ae2e299-9f0a-4b9c-9670-0b7e255360e2,0.54
b746d700-06d2-4da0-bdfa-9cdf653ab49a,0.74
fe62cc9c-3474-4211-9085-dd61b99f8053,0.55
3e89d322-5193-4ec5-86f4-c02ff6263817,0.16
ccbcc45a-41f4-483b-9d44-45b2f4b9101e,0.37
06577a81-5461-4eb3-8339-0cab3aeaddef,0.23
1c28c83c-8b0e-415f-963c-ac9b374440dd,0.68
1b45c1a5-ecb4-416e-943b-2dc5bd7cd5fd,0.97
5b4a0c1d-f7f4-429e-9034-537d1b16b592,0.69
96144314-202d-46e7-854a-74d47c37b616,0.85
d74db02b-b289-4b13-b013-9f596fbbe3cf,0.1
07287424-337d-48e0-84e4-475d938c9148,0.15
87052250-b261-40dd-9d3b-e221540a5605,0.96
288e45ea-7c6f-45ec-8223-cc59391eecb6,0.72
c0967b61-7bb5-4e56-a6f9-46cb433c701f,0.58
3ac7df60-9e5a-42d7-a860-e598cfa30198,0.69
bd82ba98-a3be-4012-add7-06a0690fb650,0.79
d08d422b-e22c-4f54-960b-10a64a719058,0.92
824d3b22-77d2-4ba6-a0e8-1a7724559504,0.02
8d7d5224-a87d-4c84-a816-8873a6df9ae1,0.19
74a53761-adea-4687-98c1-597be356f0a4,0.58
8192f8f0-f53f-4ee6-a8ef-5f4e81094982,0.35
5427f367-c3f8-47b5-908c-c79873d10e23,0.18
c7203eeb-38d8-490c-a3a4-b9f060a0a469,0.89
b5915f23-c5e4-438e-93a0-28cda231d161,0.66
78dab59c-ea61-461e-bcc7-1747e09563b7,0.18
1181aa10-4fec-4d48-bf8e-d476d7f07423,0.19
ade3cfeb-28d0-4bdd-99d0-0bc9ae611005,0.95
3dee3454-b4f2-4d74-9d85-5701fbb6ea03,0.7
cf6aedf5-8dbf-49b5-8971-97022d89831c,0.51
661275e0-66f9-4c5f-bab4-7a124a71127e,0.32
b1383e19-6d92-4ded-a3dc-775370a2b3dc,0.39
5375a233-ea8b-428c-88c3-e37a36b6e6e0,0.38
0fd0b048-7fd5-4cf2-947b-b03470d71018,0.81
6a5bf63f-37ea-4b18-afd6-628b528bbccd,0.0
f901cbf9-79e1-4fb0-adbb-faf8fb9a991e,0.1
f80ae756-123b-444f-87b3-18b6f907aa09,0.91
ef90606f-708f-45ff-87d6-7191dd3e336e,0.56
04ec226d-7d87-4b5b-b1a6-e7c157555f15,0.88
630b2c19-b473-4ec3-890d-b8d867f52b56,0.49
2d26684e-ab06-4588-a321-be1d094ef4a0,0.22
10bc863f-eb4c-4fd0-b6ec-8853f8cdde8e,0.3
90f90a02-d79d-4063-9306-332cffcd1df2,0.93
0546fd02-0c17-4812-9a00-a4a46cb1b128,0.41
64b9f7c0-d76c-4299-a823-28b9e04c93bd,0.98
f21ec6df-4490-46fd-89da-776e261d5dbc,0.06
9c565dff-3ba4-433f-bd98-6cf94bacaf7e,0.15
f2640b87-98ce-4197-9342-0c2a4ae90c2c,0.89
872d2f0d-3fb3-42a4-b6c0-8d848ae0a869,0.59
2a24268f-f38e-4ecb-a27f-a408a2e98d96,0.01
ecaa7c44-69f8-40e0-977e-cb45c2779e68,0.0
c462556e-1de6-4b08-b4aa-a2bc80b3e454,0.47
36736f68-df57-40c1-a21a-8d1e2903852d,0.11
59f21b01-c7d9-4f91-97df-dd33be5109ab,0.68
d1125bc5-2685-467b-aa8c-7b3278e677f2,0.36
3f7e05d4-c48f-4294-b492-fde5fa979334,0.31
8c79007d-9a65-4689-bd65-dbfb5d4c4665,0.08
8ee4166f-c9a0-4fa3-b281-5869d32129b9,0.98
89000142-41e0-4eb5-ab84-d8b5fa724949,0.18
ae4c554f-eb5e-4782-9b91-e94e89df7d80,0.47
b82ca340-070d-4c6d-8fe8-8289514c7c2c,0.79
032ebb22-7af9-4f92-babd-69ac83b28213,0.02
833a24ce-10fc-46d2-8fa9-761f76708add,0.19
227e48ac-2003-4dbc-b1a6-5ce7e24a8dbf,0.23
b5f2c4f9-28be-46e8-b24f-6f816e89b86d,0.53
02ae0170-c69f-49ae-9fc6-10f1005820e3,0.32
1a666bcb-8725-4be3-bce1-7739a0553409,0.23
c8f153d0-c8e1-4857-aef0-9edf48657a5b,0.74
0097b23c-59d5-4585-9c79-944393e5fb89,0.71
f1588200-c5f3-4d6a-ba03-da74e06e1fa5,0.35
61e84088-2bde-4ee8-9834-5112d4f95d33,0.37
aff23ae1-e782-479f-bd86-6725a3b7cc03,0.83
157bd7eb-48df-4d75-8ea3-97cff3f63c33,0.98
1a173eba-56e6-44d5-8601-1e9ef5139be5,0.88
52d75c9b-7f4a-4d44-a361-a840052c819e,0.98
565ded2d-3c64-4637-8ac9-56f6b7fb5623,0.24
473a2d34-046e-4c6e-8b64-7e6d2d8c4424,0.92
ac763ab9-a196-45bc-9ca2-bd39e5098ab6,0.17
efd47bd4-4250-4585-8f53-f575c6d518c6,0.81
6c6a4058-d602-493f-ae7e-74e45f1fd6c0,0.65
dcfec57e-a2bb-487c-a478-e680c07467ee,0.53
de103409-3b36-4f98-bfe2-c49c259d779d,0.34
25be9d85-8582-4244-80fb-3bb2c8554399,0.79
f89de6ff-6e55-4016-bc41-7f6131e5023f,0.6
7229a473-3b32-478b-b4a6-d9bcdd2c888e,0.4
d8433768-ae01-4bd4-bb22-04cb05c4f85a,0.99
5f3b612d-25db-4778-8ec6-20ab1b8dd838,0.32
f57c7d03-f1f5-45ae-ae93-1698b08f84de,0.67
caa4d7ce-fcff-4089-8374-455ad9388ef3,0.32
227c2274-b041-4d71-9215-b4afe1bf76e7,0.13
6edb7b64-ca1d-429b-a3e7-4cbedd5e40cf,0.2
ac85795e-efd2-472d-ac02-ec0d0a2aea3b,0.47
3b126f6a-28d3-47d1-97d5-78b9a7f0ce0b,0.19
eb164ec9-972a-4958-8365-3919684f0c10,0.07
74adc3ea-a689-4145-a4d1-63af819a23b5,0.06
204ab1d4-1629-4d27-8eaf-0757c2837e49,0.66
4a843ab3-c27d-4415-8a9c-cbea58cb25a9,0.16
8ccae501-86d0-46eb-b74a-ba27065c17a6,0.32
58fa160a-5547-4518-a9bd-d3d2026e70e7,0.47
9ed29943-ce3b-4209-a88e-adc69cb615b0,0.75
9adab11a-8a81-43bf-9d49-de1bb47ae828,0.58
7ab4155d-9316-430f-9472-fabb5a90cff6,0.85
097a19c3-4e40-420d-bf21-25f65b0782f4,0.21
f960c121-09de-4c43-8c8c-26c2635ecae2,0.29
98f413c4-8cfa-414f-9086-1fb6f41afe82,0.37
6a1cd0ae-f86b-44f0-aa4e-9928280b8f5d,0.5
9ec4120a-43fc-488d-985c-ddb0c17175d0,0.53
90756411-825a-487f-94ab-ef3f5c6df88f,0.07
920abd5a-bb4d-4c4f-a0b3-1f3351fbe0a1,0.26
9bc9f5f4-a169-48fa-b060-6fd9124873e9,0.26
0edb919e-6c51-47fe-b63d-58d1d520694b,0.97
8ed4a42e-fbd4-426c-977f-bca3907ee941,0.2
cef87fad-595f-48e9-9537-dcf77d87a70b,0.29
bb08a05e-c779-49c0-a424-f3cef70122c0,0.96
5e5eff58-56ec-4233-bf26-04284c74ac99,0.27
d56fc7b3-e025-403c-8720-773b35513f4b,0.63
d7331832-14c9-40a9-9e2a-fa6de897204b,0.96
c6a9c88e-d2f8-4505-bac0-fe6553881df6,0.68
c11b9808-56eb-4db1-bf15-70cd6ce26ed3,0.6
62730148-c781-41ae-a092-ac44310688c5,0.47
281c8df9-ea25-4bbb-b1a9-98d8ed5adc0e,0.18
783ba195-fac2-4582-996d-d19a3f899bd3,0.03
cefab550-824f-4858-b3bc-3e7313cf1a25,0.34
ff895a43-d9f7-48ec-8db0-7cdf0594f633,0.63
04a50fe8-5e40-4215-9aa7-f7e734ecf69c,0.48
9f3b2761-13a9-46dd-be7d-8a16a887b10f,0.16
c64e7a91-cc41-4466-ae8f-90802ba32261,0.43
775b1377-1965-4d49-a944-b9dfa8116e1a,0.91
e096e7f5-6100-4fc8-8fdb-f3e1666d77fd,0.29
b16e0b39-288c-40fc-9b15-b34af29c7c63,0.92
dba3c582-d284-4ebc-b774-05ef97fdb03d,0.45
3fbafdbb-db65-4dde-81ce-b8007896ab00,0.05
391712ef-60db-4f4c-8e12-9a034e70e154,0.98
4a2a2b8c-2ff8-497b-8c7a-c2c430c585f6,0.36
ab4004c4-b4f5-41a3-b06b-dd6b7c04b648,0.23
fb5fe397-ac4d-49bd-b798-e0bfb307bf71,0.92
44b25723-c6fa-4847-b2cb-e2ba09b325f2,0.45
00cd53c8-6d3c-4c91-a6c0-ceaa04cb1633,0.52
4a5b6b00-4a13-4729-9dd4-4012e14c1b2b,0.94
aead028b-4771-482f-8ca6-2ff9519ad7a6,0.98
09c34ea5-85a3-4c09-b7d8-24131514fc8b,0.59
a4242ba1-ca69-4c5f-86e3-e8468fd30f11,0.96
e1c5f776-8242-4ccb-a910-353a14203c58,0.62
2daa2645-61d5-4ff3-9ffd-a141e72b8483,0.84
f2e7a03d-3ef2-436b-9687-d52a045b5512,0.31
bd2fba03-746f-4138-878c-606c2eee26fa,0.86
94b991dd-f19a-481d-8160-80f9dc10cec4,0.32
cc5fb511-b92d-4f3f-9243-17c8028d1a5a,0.66
57dcc7c2-6b15-4da0-aa86-0024159f837d,0.17
7bfec9b7-4cd6-4f36-a463-4eb120747e39,0.24
55cf62f2-7441-4e44-8bd1-5c0c30feddfc,0.94
4b2a998c-8420-4553-ba12-0bff9a901803,0.53
3e51b2e9-0eba-4592-a61c-1abb23a6c14d,0.57
c8fefbc5-6a1d-4171-ad2a-bd82fec4d813,0.66
7e383bdc-57b5-4c87-9e1b-2ffd67a723a9,0.45
335a377c-7e72-4db4-bbee-66b989a603d5,0.23
95f67ec2-8c0e-41d3-994e-3e40090f843f,0.31
a8f1b2be-b90a-4005-8dae-b0d875005fe4,0.46
76178835-45a7-47d4-9f4e-9541879f13a1,0.85
f14fb02a-f3c7-433a-85c7-287126ca377c,0.22
f4b40f26-87dc-498a-a1eb-189b8658cb94,0.65
c665c994-b74d-473f-908f-438400281d74,0.26
4801fcd4-bca9-430c-a44c-2e6d3ae007d7,0.01
d6267eb5-0049-46d0-8f90-9b817aeadc40,0.89
36af046f-34f9-4e80-881e-3e22605ef4cc,0.16
a569d5c1-7678-4400-9331-fdd6b71fb96f,0.32
37fb03f6-5765-442f-b09a-aba8170778e6,0.08
6d1eea31-f602-4b35-ab58-8e1246ceba9c,0.42
de7cbc01-de36-4898-ba3c-3dc3f0d1a438,0.47
5dc0c46e-f1c8-4c35-b3e3-ec95034b6801,0.38
fd55b8b6-1a4f-4433-8343-efa7ee9659d7,0.92
30a84a6f-428b-4146-8dd5-051b4351c103,0.41
6c82168a-3c42-493a-ab99-80aa80aa81ca,0.25
507f34ee-f193-49a4-a903-1b2a2329de07,0.98
47551904-d3fe-4b8e-9c17-3452fc8e9679,0.49
0d78451f-ac8a-4850-857e-fdf5dcbf8261,0.24
1c27b8aa-e45d-4d60-90ff-c83cebcb111a,0.23
5971e774-2ba3-4625-aede-7024d7dbc4f7,0.12
b3af9263-20d9-4ac4-90eb-ee7df8a8a653,0.59
9c157871-5633-4166-8723-ccfb8d759b3f,0.06
3cd16517-afe2-41eb-acea-17013a2317a2,0.56
8f178ef9-522d-4ea1-8dac-41c75d64977c,0.35
aa731e77-fbdc-476a-bce6-e09b6ef867b6,0.44
f7f5c4f0-f136-4c68-bec7-1bc5ed72f246,0.19
6ba9cfa7-88bd-4a0c-909f-c29ddafe53b1,0.64
25ccd864-e37f-4c5d-a7ab-60ccc121e207,0.07
fe5ba1a0-3bed-4b73-9458-c2c8e5f9ccc9,0.15
bc7ddce4-c88e-4959-a876-816dc35ea68d,0.13
6a7239d8-042e-458f-a1f4-85300f842996,0.75
a19a7daa-e970-42ff-af5b-d413e19763eb,0.86
cf7e119d-959d-4766-85ca-eee1fd4dcfe9,0.14
b5213081-34f0-4868-b893-fc5f207c8b48,0.91
cd4ac085-1954-4761-957b-2b0764f89802,0.97
bec2ec92-ac9b-4d86-87e1-130df934527e,0.65
c1dee184-210d-49db-980f-15f2d9f36904,0.31
b8f9ba1f-4164-4ea6-86a8-761fb4fa94d9,0.86
14e8f0a5-8b31-45ff-8f63-43e8955d706b,0.62
facf39d7-6c90-44ea-8f0c-19cb65bbd010,0.85
2bcd31c0-dcf0-4d40-9911-705bc1496512,0.5
3778147a-6acf-46a4-bfd5-69a0a57a663d,0.24
5fb0dcbc-e91d-484f-acc8-1dbb7959abb5,0.57
fa71117c-fd73-4f88-aa55-bf98aadb3b48,0.62
eb9e78a4-9a6f-4123-a2dc-9d5e33b1ba22,0.61
563c8e82-15d0-4b2f-b0bb-57eaa30e5aa9,0.21
500c8b5f-be66-466c-928e-d5dc9d612e74,0.57
15c670fb-83a5-43ce-b25b-c0c5db5d9f13,0.57
68ec538c-21dc-4c61-86c6-6f81b3e66ca1,0.85
057e9f05-fee9-4ecd-ab1b-494c514d541e,0.48
28253048-0c93-4de8-afa1-ec8babf2fa6d,0.51
b4846016-3685-4a8b-a737-0ea832ee3cf6,0.41
0287e690-271e-4e83-8ee1-2f982170ebb0,0.69
ceb139af-fd09-4008-828b-87ae29668683,0.14
387093f2-f8ab-42ab-ac45-339d3db13730,0.53
64ad3a4b-3da8-45b3-bd12-fdc0e21b4341,0.59
10b0ed27-7678-4c16-af70-3999e9a1d30f,0.96
8399fd13-0083-4458-b6fd-7adbb73a26d5,0.07
4b040479-755b-4517-af37-6984e1e0a709,0.52
1dc89ca2-4365-485b-b26d-045cc39827eb,0.59
b090f9f9-0ffa-41e9-b4a0-fbcd7fbf07ee,0.04
f54769b2-bc5b-471b-bf5d-e23ef9cfb573,0.67
4b440957-8fa0-4d92-8f5e-c1bbbb5204cc,0.05
c3e63037-c601-4d8a-9d4c-aa50117e94b9,0.95
98cf04f8-5195-4ad4-ab17-2a4932827dd4,0.93
9ea93ca2-a65f-4dd8-9849-add16225a559,0.46
45597ecc-ee64-4fb0-bb4a-6143446b585b,0.98
242c742e-e5d8-4588-a343-662a7cf66639,0.54
e5512fb2-3dc7-42a5-b1fa-02fb39781338,0.39
7a6a59f9-c1e3-44e3-8b55-aee219f04f1f,0.51
f19a774a-e857-4afb-bd44-3a305741fe6e,0.15
54cba7c7-53f3-40e4-a5c7-0907218b17b5,0.12
88f13db8-232d-47a6-ab57-de8b7069336d,0.29
5008e9fd-1d6e-4dfb-989b-05fb86f00dae,0.18
05db15b3-7ad8-40d0-bf4e-6a9ff2cba990,0.16
a1f23285-070a-4ab8-84b4-d60b8f8ea50a,0.62
4e342361-ced4-406b-8f97-f7b2baf1b14b,0.18
664d2bbb-081b-43e9-a5a7-cd7a0231bf28,0.91
7b621df5-1bbf-459d-a5ca-ac1e33bd5639,0.57
a270ec2f-e59d-4633-8a6c-754d4c5f514c,0.54
835c2cf1-cffd-4de1-bc2b-02ae8fd87b2f,0.89
6c8d9314-f829-4a9b-8467-3ca9a4eac8b5,0.89
2afc1baa-34e9-4eb9-9235-8594856fe491,0.61
7be787cf-7d3f-4070-97c3-469d1aebec93,0.22
58f571f5-62e7-4ed9-b45c-15fc06ca1c3a,0.08
e31f7df9-e289-49ad-979e-d1229c06219d,0.11
c978bdfa-9095-4b4a-88f8-ce20f4d464ea,0.0
ab237d04-6359-441b-91e6-e76bbd4faedc,0.57
c3ab4437-7545-4581-9d58-8b5a3fe6f638,0.0
ad28cdc4-416b-43f7-876e-eb548e8cff60,0.33
f97341c9-86d5-49d7-975a-1a68ca45b6f8,0.95
3d7646a4-66b5-4e61-b9cf-f3f0cc1a6904,0.47
b99b93c9-09ec-4dd1-b28e-bd9b0ad9c697,0.88
e6b430a0-bab2-48cf-84e1-39d7a77325f5,0.0
baa7ccea-0a3f-4c7d-97af-03ab460c9ecb,0.15
6519f8cc-9b1a-4907-a72c-97e56f6dc160,0.6
a29abaab-cdf2-4da4-a48e-76fc483470af,0.63
1a075f31-c9f4-4cf9-a227-b878858e68a9,0.62
8469dea5-3a74-4a50-8221-e1ce9c4a40e0,0.68
eb11855b-e215-4761-b0b9-d3cbce87d119,0.21
2bcab4ea-9c14-45f8-bf2e-6dfc2addab83,0.92
d45d35e5-2b60-4001-85c1-d6cb0e7a59e0,0.66
7bfa20c1-0833-4127-9776-056c4f4c561e,0.75
385f8a72-5959-4756-afa5-3febc2ee8aab,0.25
0cbed9df-1307-476d-bdbf-d24519f73020,0.15
dac57a1c-6254-4253-b609-56cef12aea31,0.5
edf71bda-a8a7-4165-b5b6-e18e321565ec,0.85
f3be800e-3e9d-4ffa-8bbb-4e00398b4774,0.56
7a838026-4e28-4233-8ce7-98a41c8951b5,0.28
879d415d-e3ca-4b75-9dcc-313ca9d9a37a,0.77
3fa0c4e4-ed18-42cc-9298-8d4b56d75aca,0.91
dbf307db-18fa-4e19-afb5-22d72e182d01,0.68
0514a254-42da-4482-9ccd-7eda4df1aeab,0.46
02830406-d015-4d0b-a984-b9088b265394,0.93
d56fd717-bf9c-4bca-8a19-63ff6a8a399f,0.61
47a29a52-c82f-431f-b495-ef5b8bc284e2,0.68
0ae10344-ac01-413b-95c1-84512908c1de,0.75
01f84635-8b7a-4609-a867-3f0a661f9076,0.15
9c099bef-dddf-4e82-af4d-83edbd97a01d,0.89
1d27b48d-819f-4d1a-a220-60dde3e95129,0.89
b7ff4c2b-e414-41a4-ba7e-2b15e52d1177,0.47
34c09b9f-6ffd-4dfc-ab86-a0cd9464753e,0.84
0c355859-f6e0-473a-8cab-429d0d23b3e4,0.38
82915137-cde2-4622-903a-a3a78b1acd7f,0.99
d88fd36d-020d-47d8-9c9b-604e8a9bd9ed,0.32
bf71013a-5bdc-4b8e-a2e8-51ae23b74fd5,0.93
58bdba2d-076a-49a9-b85c-e21bd2ee54db,0.22
53d8ad32-11c6-437c-a1df-9bed3bd2321c,0.09
3a47c1b5-2fb7-4828-a267-a649acdf6bb5,0.68
b096e59d-9fc9-4c9a-b12f-8dbd01deee1d,0.99
db3fa8e5-0406-42fe-8615-0c6ccbbc36ee,0.33
35e38e7f-53a0-4b47-857e-48fe9d522f62,0.51
5738be77-245d-4c03-b39a-8c7f234ac997,0.94
2c77cd1e-336f-4884-8ada-71f3ee97ace8,0.09
15ef512e-8b29-44e7-b46f-572ea2c527f9,0.18
6c5d57ff-d22f-4bc4-91cc-bf75d1d1e233,0.57
c182601b-7d17-4d37-8846-939687380cb2,0.95
59f4417e-fce8-448d-bc86-06c7dcab658a,0.0
089cf4af-c2f4-42a5-b4b6-2d524b2cba43,0.68
b948b0c8-4826-45f5-8085-5d1a46706877,0.03
9eebf2a2-a749-402c-92b4-9eb43469ae15,0.15
56eb3806-b4ed-4455-bb30-c8a509533fd1,0.23
98d04977-895a-47cb-8ca4-249d42bd802f,0.79
aff7140b-4c82-43c4-95d6-aa0695f1e6a7,0.01
859a9431-840b-40e0-8d35-ae1b3f7ddeec,0.91
f6603ce7-c875-4900-be16-92c233014e4b,0.31
ae8cd254-9f2b-4ef3-879a-4c17240ed1b3,0.9
9061d570-b2b0-4897-9bb0-91da0ea973da,0.83
8c5ebdc2-4b55-47b4-abef-aba892738e1a,0.23
53c65614-f0bb-4bbe-85ad-fae2c5d6ed7f,0.11
67fc15b4-f631-44d2-a563-8cd3cab64305,0.49
89a2d1ad-4ba6-4276-9aba-260d486f4db1,0.34
d621e870-339b-431b-89e8-31cb9300a7fd,0.32
00f56648-b96d-4a76-aa82-332a7fddefca,0.32
6da59f10-56d3-4635-8085-f0dc399b5774,0.6
ec78ceaa-8a39-430a-bfb7-410c602ae17e,0.5
4bae4bfe-c46d-4806-a49b-b046b7d38876,0.42
bebc6e74-df1a-45fd-900d-69b3daa481a1,0.11
e7fa5499-cc66-493b-afa8-487cf51abd07,0.66
ecf1fda9-dad1-45e6-a3c5-1e189b09895f,0.64
2ebc5c7c-e606-4c9f-95b3-377a26e54cf2,0.32
771c0155-41df-4adf-a80e-48adf68c1655,0.39
01e9d296-d724-4528-9558-afabf4aa7053,0.73
46073d4c-2e74-4357-aa68-c7af8f8986bc,0.42
6e9ef518-fb50-4522-bc89-b2f852a0396f,0.43
f8fa76c2-4305-474e-a837-bc9a550a9d62,0.28
bbb8a4d8-779c-47d1-964c-44607aa6fc71,0.12
fae8df78-5042-431a-baf6-bbfe7d2d4f03,0.11
62365847-7ce4-4a8d-8822-fdee03e98fab,0.94
a6eee1a7-70dd-4dcd-bc60-c237cd5d559c,0.45
3b00ba6e-fd87-4974-84ee-95a6bd04cc6a,0.01
7e191bdf-eb5d-45ba-86aa-f65b36823c42,0.34
4a093e81-ba22-4424-9736-747d4e95df50,0.86
9bce53df-a7ad-43f2-b277-f6204709209c,0.8
a3a96bc3-764a-40ec-88ef-3b51acf2ff2f,0.89
fd540257-9993-45b6-8b5c-eb9ad8395d82,0.07
5f2b660b-f4f7-4005-bdd7-9e402829e9b8,0.92
44a91fdd-2dca-4ac0-a947-4767d8f6b994,0.25
f0855f1e-af42-4c52-85da-718efd0e1d12,0.73
7a42654b-9a33-43e5-8518-4c4734df0ac9,0.89
ac78985b-7187-4ccc-9d01-c254cecc64b1,0.33
fb1ad1e5-e500-42ca-8ef5-1b5a546ced93,0.06
6b18bdf4-7b40-4f82-9d87-41eb9482fa60,0.67
9e2c9de6-17ef-482f-b05c-3c9d6f7f2e0a,0.57
c5ca85c7-9e06-4d08-a503-19ad4a1ae7f2,0.74
ac25c85f-293e-4cb7-9b74-d6767ab37c4b,0.28
c2c460bd-1de5-480a-850a-6aec2ccc3761,0.35
bfab9b6e-e157-43f5-849f-4bf18bec4ba2,0.88
8358b58c-7d9a-4bcb-a852-8041bc13070a,0.2
bdf1410e-d638-4c26-8a92-c45eb4801ba3,0.35
f2f94a15-4312-46cf-853b-9be375380067,0.09
0064496e-cd85-4d9c-82e5-9e88cc435fa1,0.72
b0d5e036-f7ce-41a7-9db6-b9ea35781461,0.23
32a8dc72-2fb6-4d49-9fcb-08526bf58c8b,0.63
dd9f79b6-fe89-4fc5-9bf3-25d4e71a6e0d,0.98
67ac2445-1e1f-4a11-97d2-690e9a7aac08,0.48
915f0870-dd09-4d3c-8142-7129cf72d9f9,0.98
67415db3-642c-4a3a-9a37-88126c808828,0.35
8ac42601-175f-4953-91d1-7deb57914b66,0.81
57dd99de-e2ba-474a-9c03-e3310bf6d798,0.95
e5c7f4b0-b75f-4d78-8605-0312c65e9d33,0.23
86f6f9de-0a81-4395-b71f-06607c69e1d3,0.22
3182cf1a-6ac3-4b43-9854-cd9d8df1ec04,0.61
6e37be38-e340-42fa-aa65-3614103deb60,0.95
ff0b0293-a0eb-4c7d-afcb-ea2c09bc2464,0.36
e90401cf-4fd6-4b03-88e2-bc6476d4ca40,0.11
cfd0bfaf-c636-4454-aaa0-c8a55a5dc449,0.54
70dd1532-22a4-4ec6-a9b5-51504716878c,0.12
dbb96392-d623-4b31-9576-16e38894a647,0.22
9cecab84-08a9-4a07-8e6d-b7a253d4a9ba,0.88
7a5330f7-5ca3-41db-92c8-ed21f2ef64ae,0.98
489dfb43-f5ab-4637-bcfc-79a5530d9465,0.29
761e88cc-d15a-454c-8946-a14bfd1075a2,0.16
58ff4abf-fb82-470f-8940-519eb08619e7,0.61
28398a23-1003-4e01-95b7-5d0cc108e8c0,0.83
47cb9f49-bebc-4125-9ca0-4e74b0e6c552,0.88
3d5e2650-f516-4e84-84b9-511681d29093,0.85
87ba2b3f-a39c-4405-9cbf-abeb0a7bd8ab,0.12
62a3331e-9e6f-462a-89b6-49cf24b47ea9,0.58
fc9ea7b9-27d0-4091-8bac-fc5f8bd57a74,0.18
9ba09c9e-acd3-42b6-8633-60b74505d034,0.48
032e290f-02f6-4ab6-9ee1-90b5da8a1ee4,0.99
d3515494-11b1-48c8-a73c-d8b39f33a5f6,0.11
c2943f2b-9349-4afc-963a-43dcbc8c7ff3,0.6
6f2f6076-1f9f-4a43-a821-a31a3d4d4c88,0.18
b6ed1599-b876-4f14-a298-a5f93683de5a,0.75
9ef7b504-2b18-40f4-95c6-e7cb67913877,0.08
7e0acbb5-c600-4d80-9a5b-c9fb55e50162,0.7
b09a5e15-78c0-4434-970a-4058fe1c0353,0.27
34c3bf78-43f3-4999-93af-751b43d4ce05,0.77
e7bb94b5-64ea-4463-b97d-340d588f433f,0.94
d085072f-de6a-43c6-b173-6ed1fb8ae139,0.51
b0bb7106-4b8b-4db8-b4e6-ec1f634f21ea,0.82
27f8083d-be64-47b6-b306-77e8285bf931,0.15
57e53445-694b-45e2-bc7b-3be53b254874,0.68
55af522e-60ee-49e3-9087-a6487ae4a3bc,0.98
f02ad369-0c00-4ffb-94e5-db65ad9af9e4,0.11
5f342f6c-d3c3-4c4a-b127-3084047cd541,0.24
8979a594-9963-49a1-98f4-6a6fbfa8a728,0.51
25f02b92-cbaa-4820-822a-21c9b46ae05f,0.84
5e8ef8e5-596f-4bf3-b4ee-2a0304beb6bd,0.99
deeb1118-080c-4cbc-92aa-7c97bf643477,0.52
adb686d8-5aac-4f01-b252-e9a62b536fa0,0.22
5d60a8b6-4e16-4b5d-a06c-eb3339df375f,0.15
b24fe90d-46e4-4514-8c4b-c2e98eccb1e6,0.56
15575ab4-37db-4c61-9dc9-6c097673f8af,0.38
92cd630d-b7f9-49b2-a53f-4d84934edeeb,0.52
a642ae6c-2487-410a-ace7-32878e3f4131,0.41
ff1f6f98-0aca-40b2-be57-f15e5ba0e184,0.57
6c22396b-6d82-4947-be9f-22b7ffdc3e8c,0.38
f3dc29f4-0a11-48bb-aa3b-e53b098fe5c3,0.13
3bf04847-3da0-4bef-bae4-2e610a42afc2,0.94
d6c865c5-272f-44ea-9cf5-a7f25beb9eb1,0.04
db261d16-a7c5-4ca0-81da-e8843620a3b6,0.34
a93bd22c-8901-40d5-9d72-9732300f6d50,0.86
833fdda5-75a4-4870-b4ef-78bf4574fbd7,0.92
995bc1be-dd08-4f8f-8092-a6f9ec045044,0.74
43367eb0-4de0-4e87-9920-607c3f733bec,0.17
1fcc3cfd-5acc-4057-b5a7-dd586ae21be4,0.75
bbb220ac-920a-43f6-a269-0bf4ce5a901b,0.08
7dbc2065-cec0-4798-80bf-22d17f54bd12,0.73
b2d99407-a0bb-44a2-bc77-f1f2996859bd,0.57
25ef5e17-67da-44e5-8094-facc02828c21,0.16
30cbbcba-7912-4853-b359-3187fd3f62d6,0.06
a6768ca8-0985-420a-ab84-92af670a4383,0.45
a767ca22-791c-44ef-a654-c5ea720e2fea,0.12
ae61c72b-a155-45e3-b0c3-826fb2334503,0.39
8f5b56e4-b6a0-439f-90e9-2f57eba99f99,0.41
881616e5-cbc9-4742-a367-988053865330,0.08
218cc063-dff0-4a13-9899-7e2d45885353,0.49
9fd21f35-e589-49ae-b5d0-83133a9dcc32,0.26
7d9f481a-0c60-440a-b3d3-c86f96035f07,0.65
c1afe981-073d-4308-9f28-e65d752507a3,0.04
e5eb9ec9-4d1b-4066-8f84-1809aec8b13c,0.28
737dd167-d589-4947-a0a2-0eca70a36468,0.36
deb4d9b3-98e4-4b5f-b967-2a7c512429c0,0.37
4c930e9b-b99e-4422-81a5-b1dd1dcbf1a3,0.82
58cc7695-279c-4789-a247-6d68c108f788,0.07
97d95fe6-3029-427c-a862-99d6dad22acd,0.64
57e542a9-32ad-4fe2-9ef9-93802e184f9e,0.85
46d1dd59-de4f-45d2-912a-73f7f7d19534,0.16
57f4a0d0-a89e-429c-8a63-477b09943ffb,0.7
22089643-d716-4995-8186-64d0d19bb9f9,0.88
4e62be4a-42e3-4c2f-bb32-577271699b6a,0.44
24b8c96a-2f5f-44f0-9a23-b503d285c6bb,0.03
d32512e8-361e-4e36-a811-d8495da8c548,0.35
8e51c914-3378-42a5-8220-956a33688f76,0.69
b02e6364-a274-4c35-937a-a86d5c47f4c8,0.3
136f2584-cb15-43da-b632-a28233ec86f1,0.18
3542eb02-443f-4c83-abc5-9835608495c1,0.6
4dd866e4-f860-4033-8b02-17efc88dff27,0.53
c75d9330-2b62-4acb-b02d-ebc1e198a05f,0.38
f9960fb8-18b0-410a-ad4a-f012a2d1dce4,0.9
72baa6a9-9b71-45ba-8168-77e307e54f9a,0.73
6665f75f-82e2-42d9-8735-d2377aaff9ab,0.89
bbd84b40-28df-47c4-ad34-b62943d62137,0.18
a156956a-a43a-4b11-b2eb-92ba0260bcc4,0.38
dff1639a-7b82-4e46-9827-e901ad2f6511,0.66
43e0c20d-bbd0-433a-9b36-1f2effa2c663,0.44
33b66169-6740-4b03-9878-dad7e1af41f5,0.12
33da269b-da14-4c1c-8201-072e1df87a76,0.91
287a960f-52fa-4819-8b35-7a6b4fc4ff67,0.57
6ea953ea-63ed-4b24-abed-1b46047085d3,0.19
362a3b62-90d8-4385-8c9f-b677cc905e5d,0.91
4b3a9f30-1c56-4ba4-b748-9b58f879e9a1,0.71
a4200cfa-5c8a-4d8e-89a1-c569f87f48a7,0.6
4d535437-591d-4ae1-94dd-2617de0ee8b4,0.38
b09a0f0d-97d9-4e53-925e-ad637d71c8a4,0.0
98bd020a-c00c-46dd-9631-d4e8eb44056c,0.02
c2d53945-bf21-47c6-8317-069ad07baab8,0.76
cb20da96-0504-409e-b242-17ac44f2cc91,0.91
843e51a6-4d85-42b2-bb3e-f85e539932a0,0.61
be8c16c9-d14d-4d93-b257-323eaf898c3e,0.62
23329f71-e939-4e2c-96eb-7d5d5f609a48,0.24
a1c03a4d-b3f3-415d-aa19-64b36cb2b8f3,0.55
b8300e1a-9dd0-4b7b-be83-352c8ca54094,0.32
d2364371-1b12-4a55-a563-3fd5e2a64cf7,0.37
58ccf1f0-5f4e-4a40-ba02-0f795e1d8f89,0.05
46d0763c-6da8-4a9c-9fda-a690048e8f3b,0.57
2abbf835-e124-45cf-a788-be1fde26004f,0.43
f9ab4525-09ad-4464-9264-1cd1e9d6192e,0.44
e10d25b4-bc05-4f71-9edf-ef6f4912bf39,0.31
3a6ca6ff-fb12-415d-b30a-7da44da765f7,0.44
f823f6aa-d269-4653-80dd-02b0083ba686,0.6
d2c5809b-e47f-4a25-8c24-ab187d8e8b25,0.46
0e4104bc-d1e9-41bb-a0aa-874aa6105513,0.2
481420d2-97c4-4370-bd5b-f5be8e92f973,0.79
bcf47319-a6b2-4f78-a82c-a8a200cf8784,0.84
13af826b-8bc2-49c5-8817-4745898d9e3a,0.74
a1c957de-69ee-4b06-9c36-2f28b5075ade,0.35
47115626-e84d-41a6-aa06-40d1f7c873f7,0.98
17e08bbd-df5c-4739-a8c7-ef853c670271,0.18
758fe89b-a561-4fd7-9e56-b85e3bc8239d,0.19
09749845-6b18-432e-893e-de8d8531660d,0.56
b9e00101-d055-4492-b301-c744977d3b02,0.17
dddfd44c-9826-43a2-98c0-e121a4b03c00,0.46
68f6813d-5660-46c2-85ca-31d8f10850d6,0.48
3ed2d9d3-15b0-4cda-900d-1df37a1518e5,0.13
3b2c65dd-ca50-4b18-9c2e-75fbde444210,0.14
83933fd7-e980-431a-af3e-0bc15d26bbba,0.3
be06b928-f06c-4619-8aa4-53d0e450dfa0,0.0
ee93591f-0aef-4420-a07a-2c3c1b85dc94,0.53
3f892d59-606f-4d79-b862-dc6cfe9cabf7,0.02
9ea269f3-83ef-42f9-8f47-336206d73483,0.15
3860b827-f2e2-4a34-9a2d-0ea1c7724d23,0.86
6af0e7af-4fd4-479c-be3b-ae0955f953de,0.56
3eb5c7f5-b7f2-40ad-a930-8e4a6e1a09c0,0.74
b2d3ea18-d7a4-46f0-94d4-3768d5072f3b,0.11
037dba8c-e656-49fd-937e-22b0c7065542,0.73
300117a2-b8e3-494d-9991-6e7b0e3506e6,0.95
9560fa70-03c7-4257-9c1e-1ee6fbb25fa4,0.15
2a1d2f0b-3475-4f46-9f09-a71bf88ae8cf,0.71
6867df2f-3811-4915-a6bb-0ab68b9c32ed,0.75
a1981d07-68f1-48b1-aca7-8a4db78e62f6,0.23
f84b9538-fea8-4192-a116-9fb16c8c6265,0.27
26cf423c-d207-4d1c-b64d-6df5f61f0197,0.07
7bd2930f-58ab-454e-9610-e3788738369a,0.91
6be3a05b-6139-4352-a9d8-2dff85974077,0.35
ab2319aa-f23a-4f74-85a4-33da6e676660,0.89
10e3cc04-d865-4e28-943b-59e81635136b,0.07
2ebf550d-2d80-47bd-a24b-926f05dfda24,0.57
12d6dc1e-0f32-4dda-8e43-98c2671c8501,0.59
2087ac84-5b8c-4bb6-9574-936062ba8c19,0.49
4665fc35-2ba6-49d4-b167-211e0d6c2343,0.27
4f5567d9-ccca-444a-a9de-49a89ef617fb,0.91
4b940f9f-aa2b-409b-b523-d2a3acc632ec,0.4
6372ba63-aa56-4722-b8be-2a777239152b,0.99
b1193850-89c8-44f2-9092-9163a903b897,0.63
d7e767a0-3819-457d-b57c-d0b198ff0f91,0.26
f4106ed7-cc35-4351-8c02-63db6ee1e10d,0.62
8e50e816-5323-46b8-9308-e7aeacc4eac3,0.16
26c29a80-d3d8-4062-93d5-93e26049432e,0.72
dca42d57-7efb-4045-93e1-82a1f0d890f1,0.32
c8381146-c74b-4ceb-af32-4fe4cf503705,0.83
accf1962-b497-40c9-9dcf-78c8c3bfc1b1,0.76
8cb8470a-870c-4914-98b1-39594250abe7,0.91
1e213ae8-c893-4992-bc00-5c6580faa65a,0.28
dcc19460-8665-4a7b-8352-35919b6f29cc,0.12
4f2a8810-1b1d-4266-a2ab-d5a95841baad,0.45
a1038e52-69a1-444a-a1c4-cba43c67749a,0.34
c401c17f-5aa5-4ee2-aabf-1479d620eceb,0.05
278151fd-a34f-422e-8f92-70fb625f69b8,0.81
9943670f-ece3-43b1-87c1-0de9d0e35ebd,0.68
4f2562a9-973f-4754-9ade-2e7b11090d54,0.46
a2fa06e5-e31d-4412-8cc9-03096445da57,0.24
7c9d2e09-7607-40df-b324-3f3e5c8d58f6,0.65
a60ba842-0668-42f8-9841-8589d9153a42,0.09
87c4a299-d6ae-4acc-9b84-7247d05e8dec,0.55
c3b8ee35-252c-4b5e-ae65-9e4f240f28fb,0.29
42d9c4f7-cb54-4581-9906-c49e642480ec,0.04
a0104877-800b-44a8-99f8-facb30f74890,0.32
efa56b5a-2b70-44c9-a644-d9b974685b9d,0.64
4b1987d8-34d6-4a36-9da1-5834467fb32e,0.17
1fe1f5de-6105-4212-b37b-4486056ef16f,0.95
9ef5667f-3713-40cf-aeaf-a6a700980098,0.48
6be86c99-670a-4e7f-9b68-ade1c970c04f,0.1
ffb2c905-f286-4176-91a8-c1f3afd12ee2,0.84
0b18ad67-bcf9-41fb-89df-dec5b77f6eb0,0.25
b53fdfea-e615-47e2-aedc-dfd2b51f9de7,0.62
dc4585e9-126f-456e-a81b-82e40a7c5c6b,0.88
a5925e9e-d031-4c0e-b1fa-7189d0957f29,0.85
9b599249-1f5f-444f-a654-53ff30c7a73a,0.58
1b11d9a7-51a0-412f-a5c2-7bf9313d9662,0.26
90757ba7-c79c-4b47-a5e7-bfac2438561f,0.48
03e1bf8a-bd9a-409c-9100-03a68300a5e3,0.76
0f2db54a-b279-4036-93de-0ef100064f17,0.32
eac01b72-8d9c-43d9-843e-13351fd1a88c,0.97
5b2a913f-284c-45a8-9948-df771ce3cce1,0.98
47ca9e0b-7579-46a3-81e0-5d5e7da58583,0.0
a242032d-61f9-4e14-9bea-c733248e15d2,0.2
921ee0a2-a915-40a0-ad2e-8cc355a9f614,0.54
9b428401-df79-42a7-b004-dd655a1145ba,0.05
51e0581a-6b77-4b42-8d85-75d8dd184e06,0.91
2100ab0c-6ded-4848-91ed-58789e14af2d,0.8
851fe0d7-c985-49e8-aa83-4cb640759675,0.68
e58fe6e2-822e-497f-be20-eb7b3ecc0088,0.94
d458261b-4090-4c3a-985f-0bfd7c88c343,0.04
5839326c-8e07-4d72-a08b-e9b997cfc98c,0.02
0149c522-5720-472e-a2c5-4ced2860e53e,0.52
8dae027c-07e8-48fb-a26b-4783b8e63a20,0.22
5c526105-e70d-402e-80a3-1f23aea53183,0.52
e12f9d06-81bf-4693-95c5-e7ee20673f66,0.36
0858ba52-6e1f-4201-8a86-d7433d8b5973,0.73
9680849b-b60a-4fcc-b160-7b6b80eef3d1,0.73
8d563fff-dafc-4667-9760-cb5f64523ba4,0.82
baa601ae-b5f5-4b41-aefd-84edef0b42e1,0.16
a7342527-3695-43a1-9c1f-74a161a6dca6,0.84
90c1a8d6-1227-4cca-b3f7-1ba3ab3c7707,0.77
d7d3fc94-469e-43e3-889f-c5437669952a,0.72
ba52dd72-f5a9-4bd2-970f-b44b874ba3fd,0.0
a89dc59a-c038-43ef-898a-b8f2994181f5,0.5
5cccb6ef-f122-41f4-8460-5d35fde90199,0.44
df442f3c-9247-41f3-aad6-2a400172db39,0.76
dd4f495e-fff3-4d21-a16d-c5245b50bb35,0.03
6ad85937-a5d4-48be-98cf-bc133c43dc0c,0.61
839f9c56-f3e6-489f-b7da-412836c22c0d,0.64
a580bd08-e4ac-47f4-8ef5-1fb77c48bb01,0.31
96d493ae-3ecc-4ab6-aa03-43e128f636a8,0.33
b49c897b-1361-444b-a6ca-fd7db94b26f4,0.91
51566ef2-8bfb-4f57-ad02-9f03d6c5b3eb,0.94
9f727f5e-3a6c-4fa0-ab31-f40058672556,0.71
9e63e199-e124-401f-9a1b-d9fcf64799af,0.38
f468ca2f-6089-4f72-af9f-3d0b4d165def,0.25
2dbebed7-0066-450a-980a-591dfbb27630,0.33
7e511c84-0884-4fe0-8aa3-2bf93cf9258f,0.53
d39dfbd0-7d9f-462b-bcbf-9b827a0cb254,0.02
23ac78ae-a8cc-4d5d-8b9b-a83c1e13c93c,0.49
49a9aa1f-1d6e-4794-8b19-e64a1b504987,0.11
3d277ae5-a387-4287-aa1c-7b64b3831e5d,0.64
7cfa138b-42bf-4dcc-9b22-c334b0ce8339,0.53
14df9ee2-567b-4d16-9a10-5f18154d7903,0.04
327bd070-1805-4ed2-91af-7346edfb1f11,0.93
b3bd4242-d8f8-4e6b-bb56-7ff324b8ba24,0.93
f14631b2-bb4d-4f99-b23d-b6b9c8358b54,0.56
00bc8c83-d927-49e7-a62f-e48674d3164b,0.16
451b369d-bf2b-47d4-9d7d-6b7f30ab76aa,0.46
cdf188b1-2236-4dba-9e9d-79aeab766d79,0.22
c6c77920-c60a-45c3-b4a3-064782857615,0.78
a7e78bea-31ac-4a66-ac63-1d728f9c0ff5,0.84
4ceeb702-540a-490b-a762-15978234ae7a,0.13
f00e1b9a-6d0b-42ba-9f77-dd0dcaf08837,0.65
65f5cfe5-06fd-4203-a4ad-892a1be59bd4,0.74
d7f87a81-d900-4654-9b24-9fc48ee075dc,0.5
e6264a6f-23df-4107-8a00-49ae98a63cdb,0.37
d0151456-475a-4efa-b486-25452f233e5b,0.63
001c48c4-e106-49a3-bcaf-d4ec8851d0da,0.97
645ca2d9-542d-4dc7-990e-60eaa530e62b,0.37
c47b8cc4-6e96-4fa1-95d3-7ae7864ccd4e,0.49
98c00c51-7a31-4302-83a6-767f18eff993,0.97
a4a7b24e-6f0a-4454-b56e-a6db4c7ae618,0.81
36297052-7ba8-4ffb-ad12-e8f37d73cf3d,0.29
73ba6792-f343-405d-b3f9-c1aa5abada86,0.78
c7b982ce-f831-48a4-932c-c09e359c2158,0.9
95f40228-b227-4db9-abff-a18c6c94e4cf,0.5
231843b0-fc5e-4eed-a6e3-0d761c2f3199,0.62
f1d5b7c9-50e9-4753-b4fc-8ed73ea54169,0.97
a34446a9-476b-4570-957d-d7708afec1d8,0.51
43918b4c-16f6-4b40-be28-d46c8278e062,0.37
d0016c1a-38f8-4309-b080-4b53a4732492,0.96
97bfe767-4dbd-4f4f-86aa-6709fbdfa3a3,0.87
d2b1b243-6fee-4895-8c5d-4cb66428dfd5,0.78
8cc07801-4b99-4dd6-a05b-57d18af4a8e7,0.29
7757a82d-9564-4b19-ab5a-8863614dcea3,0.5
1055ebe1-48aa-4a86-9e92-13ff7347f874,0.8
449dff7d-1dd6-4248-a07a-e3c3d6507a15,0.04
5403f071-d19c-4a78-b4d8-bfa8f71780cd,0.28
c132342f-6148-4d6f-83b6-c8f38be41fad,0.03
70dc963e-a752-41b2-8dbd-9684134067d0,0.09
eb88fa81-d6d4-4971-a1bb-1d9c91c39291,0.55
0bd7cd5c-874b-4e09-92ae-22b4bc72edda,0.16
b7a35a98-314c-4209-af28-b4d0c5853cc4,0.73
bba414ae-cbdb-4f8f-ab9d-c9f88a30d756,0.16
58e87337-a994-4a6c-846f-c49aafddc339,0.83
d7cfd3cf-3097-462f-a307-7413d991dca0,0.87
f2624abe-35ec-403c-ab30-f7aa4ee3cbe5,0.68
faf3c2a7-0a76-485c-95a8-1135e2d0900c,0.33
8727f347-413f-4121-bcdb-844630d2368b,0.05
184f7e20-f20c-482b-b0e0-75de32bbdebc,0.52
44efa04b-f1f3-4470-b9b6-81c25d6d5967,0.65
70a08caf-a8c2-4f95-9854-d630eb15c1f6,0.76
7cb8f1b4-e1ef-4638-8e38-e79ca12486b0,0.42
8bad664e-eab1-4b21-8946-b04ffccdb30c,0.74
e246271f-1dc5-4f64-8be8-f4a9c5a8ee74,0.22
f8dab391-e2c0-4cef-9159-51fdd75d8d0d,0.54
393ee593-c45c-410b-b215-f7e172088fa9,0.79
ec28e8bf-bb63-4aed-b3e5-2854f02e04f0,0.94
09585823-51fd-4954-9406-b2c6a01467dd,0.74
c0a89875-3998-4363-8a5c-07c256baaa4a,0.15
fe574e79-0385-4d4c-a574-c71928205014,0.07
6e785d68-196a-4255-ac1d-f049b5a69204,0.03
433c64b9-e6ff-4cb8-a6b5-57a80235b4e4,0.03
caa848c0-d8f9-421a-94cf-078a30bef17b,0.55
60571590-16c0-403b-9639-47fc734fffd2,0.24
ef56b090-a9c0-4bc5-8867-b26ff0e58bf7,0.66
407927f1-9fe2-4829-b8b8-938a65141af2,0.95
78eb5976-5654-4292-92e6-620c52ec31d1,0.66
5eb1b236-02f5-476d-a230-b6bb0b82eb35,0.26
3ed92243-188e-4529-8023-0681cc039cf9,0.92
5eaf9c1c-b13b-48c8-8ab2-fc84f3a85157,0.31
280ee334-0367-4081-8990-f5eaacccb83d,0.49
2225d2ab-1f8d-419d-b030-ff5d0adf4d7a,0.6
11596e41-07bd-4754-83b1-640699492911,0.5
f453c83f-f08a-4676-9725-f6c0c848081e,0.18
b504ea5c-c125-4d06-a059-dc8a86036e34,0.2
9a380c32-b0b1-411f-8d7e-82799e9c9dec,0.04
a984fae7-96de-4296-b40d-784d9e45fe49,0.81
29343c94-ad6c-444c-84e1-bbef28289efb,0.91
81d93d4f-746d-46b0-ab52-1720f639b349,0.41
1e9de6d6-c2e4-48fb-80b0-9495dccf7da0,0.6
fa68b928-f64f-4c82-afc6-7c3b8a460dcd,0.21
35f0e82b-6a37-476c-aadf-989626781b04,0.2
c55913d2-cebd-4eca-8b27-f547480dd042,0.69
0f3547af-b94c-46e3-b249-a397363cab34,0.0
925fdd6f-d717-40fd-91f2-b566b11de59d,0.04
a2a1ab6a-8b7d-49ae-a9ac-14d46f908659,0.11
4c2416c3-ed61-4f4d-9f71-6f6da72f28c1,0.89
4aa8393c-b6de-402e-af42-d1cfe65e4f32,0.45
5e15b063-ff00-4f8f-8e8b-b8da256698c9,0.33
c4aacc20-d27a-4ac9-8f1b-2303a3d32f5a,0.48
32993505-bd40-4706-beae-761184ddc9de,0.77
e28ce2f1-0201-4434-8d0b-552d152b0710,0.89
2259d15a-c0c4-4e93-85fb-2390a05616be,0.44
688d9320-c1ca-4be1-ba62-bb5b27c54e21,0.26
8195f53c-d259-4f39-9e34-25c8045b45c7,0.72
bd759915-08a9-48b0-84e3-f275d3bfa959,0.25
d5e5376c-a706-4578-ad23-c14d323acc4c,0.46
4a699070-0a6d-47f8-939c-38295c794b0f,0.85
84f61e49-c74a-48a3-96af-17347d361f1b,0.55
f972213c-9f2a-4e46-a69e-2eef9091f861,0.93
b2fbdcca-0a96-411b-bcc8-9183d4b925e1,0.62
5c56264c-6115-42f3-b8fe-d0e3b521808c,0.47
d391119c-a124-4fbd-9123-a332329bc41d,0.6
1fa608e4-8580-48ff-8e37-8410db122f85,0.8
723d9a18-4fdb-4c31-bfff-0f91e6ab5ded,0.25
6f8609ce-59e9-449d-8d9a-269b20c37a62,0.35
d7b969aa-b3c9-4d3b-a454-2ce641bb3a40,0.0
17fb1bb6-a7a8-4aa2-96b3-5e276314ab17,0.07
197e7c3e-8410-4339-97e6-70c373a4f027,0.98
c8a38f04-ae88-4831-9222-2e280f512127,0.51
af8be9ba-7054-422e-b1a7-bbe99a5764a4,0.78
5baafc61-375e-4efd-be90-0c89cc90db69,0.46
2abbdc08-3dfb-40bb-a3d8-682d98b35004,0.55
9f98fbc7-a60d-41fa-a430-8e43591b74a3,0.85
822862b6-d027-4a06-ab64-f023a9fe4491,0.13
cfc7e762-5e4d-488d-b103-af0f18ce4fb3,0.89
38ab8c57-a03c-4f48-beec-830daa7357ec,0.27
19860b24-5b20-4513-aa31-ff48bba78fef,0.86
4dbbb2ec-1e79-43dc-9441-72d840231f61,0.77
6e19bb86-5252-4258-b33a-92cb55f7e15a,0.87
818c3416-2535-4976-ab34-0646dd22955b,0.01
575aff19-5c26-481e-bd81-85ca490cf2ce,0.25
94a10ee8-d196-4742-b534-85afc43e888e,0.13
32961231-d72d-4683-851d-db578a28c5ff,0.58
77905c1a-a26d-48bf-8579-4a6ec7c92de7,0.55
e552c841-d13b-4992-8aa6-3dde128d04fb,0.06
f44241f5-4f9f-4c88-ada1-323ac0e050c4,0.02
ea224e00-787f-4b1b-9752-73973e2d3127,0.22
b22b2981-58b3-4c21-b7b4-637b0d419e44,0.17
d4856431-230a-4087-a588-a8cb80fb5a0a,0.37
c64052fa-e417-4e37-b7a8-692d7bb24a1b,0.98
8670f17e-02dd-46d0-9b31-56cf7549a36f,0.14
2cb8d8a0-6f5f-4d6a-a350-4f6333c5c0e1,0.63
8208a43d-0ec2-46f4-8a2f-957601185bd6,0.88
69ef277d-5505-4e92-a27b-311c58bbac54,0.27
8400b2c1-dd14-430d-81b2-538cfe8cdc0a,0.73
53309504-1c7e-4ef2-aac6-f04301f595ba,0.38
83e8a4c1-0568-415e-9fdf-c5c654f78abb,0.56
9bc44a09-8f5f-43b3-be57-7bca40be3d47,0.16
0fc60829-061b-4ef3-9a51-8e3d50b78ade,0.85
4b10c6cb-ca3a-4879-ac20-55090bb9653c,0.89
49304c38-4f84-4568-b4c5-6192c6df2548,0.43
c341da51-e1e8-49a5-aa62-42b19e2f9946,0.24
145fc2af-9156-407c-943a-c2f16637453a,0.16
489b4569-779e-45af-ab43-c8ef64bf81d6,0.12
f8e69f3a-9cf8-43be-8da1-55e4b760a6dc,0.83
a7e491de-ab9d-4316-a8d1-c6adf20419e7,0.24
d082c048-5486-4df5-b055-98a3b1c24252,0.67
3d99b633-9449-4ef1-b34d-dd3ddd2f24d7,0.09
24350928-3502-46e8-a52f-3ca1373fae1b,0.66
2c7c00ec-2be6-4699-8023-25be3866c535,0.17
583fc9c2-aa22-43b0-ace3-d40e3d0ed530,0.99
f1995471-4cef-423b-a5e8-60630b5ab494,0.85
dd638fd5-4fdf-4c8c-9f6a-6e7669b906e1,0.33
53ba0084-d12b-43a0-9e31-8d7d48012f98,0.07
2302c071-9041-43d9-961f-20307ffecbe4,0.39
f9a25f9c-d1f0-44cc-87aa-dab94a044abe,0.82
b397bd2b-a7fa-4add-807c-dc99f22720c8,0.41
30fb7191-efbb-43d8-b1e0-2d88b764ea8a,0.4
8303cd23-3413-4af5-b9fa-6d42cfeba4ac,0.05
a4b486ec-ce91-434f-8d51-5b53f38d2164,0.51
1dc64222-46c3-4ac7-8c7e-60e234699f6a,0.25
0e3a511b-e8e0-48ac-8d90-bea3a975a8df,0.63
dc3c82d9-7f0a-462e-b649-f9a4bb86ceea,0.97
b8f7dc9d-f422-4e84-bd7c-d86235d918ea,0.58
a93925ca-68d4-4168-b400-12cd6316477a,0.55
826c2cd5-6498-43f2-93a9-017958aed96a,0.58
166c3b3d-d136-41bd-b67f-79745f5ef42b,0.69
9dc6c137-3827-48f6-9bcb-56274d8313dd,0.32
310093db-91b7-4245-b972-6765c0dc769a,0.52
29d50e4f-e16e-4538-92d2-801718ed5f6a,0.21
d9f7c427-6996-4907-b562-65cdbb998170,0.2
810a4589-ea1d-4ab7-a9dc-930979e551a8,0.69
98dcdc6a-197a-41a8-a969-cdd25856e191,0.69
ea1ac026-fdc3-4176-96b5-d70a57c6e654,0.03
a992a3ca-b1e2-4301-a552-db6d56ca216d,0.93
8fa9d89b-135d-4c72-89db-6abd1df37fd2,0.74
07733d13-9806-440a-bdaa-e8310b5a9571,0.61
dfb84693-7971-4cff-b898-f99788abd851,0.61
da1cf013-6d4c-4fef-8526-f99acda65ac0,0.93
a0103a62-690c-46da-bbe2-96bbd29b4515,0.94
16a3e65d-f1db-44d7-a4e4-c6b71cc4b69b,0.23
c6d2d714-e368-4735-a9ef-49463629acf6,0.54
f85e0180-55ec-4507-a0d6-060572f60b6c,0.08
c1f97d16-2637-42c6-b8f7-93a34b810687,0.02
132291b1-68c1-4c6d-aaee-d8d667d39f03,0.3
9c135acb-72c3-4396-8689-661bb4141a75,0.39
7baa8acc-5233-45cc-a695-46a6d45b5c8c,0.35
4d596326-3818-44ba-ac52-c9311180edb2,0.23
6771b937-d686-4abf-8247-50cf5208d0a0,0.94
175f1fd2-49a7-43db-ae9b-58d67c7bae74,0.05
f6d2f216-52d3-48eb-a0e7-e10c69684918,0.65
09bf330c-7bd7-46a4-bec4-c2c2ee5a5113,0.83
1014acde-c3fd-4ee4-977f-e7d0a36b0797,0.91
01d778b3-c2da-4097-a054-98f7c432adc5,0.74
221d9ee9-d925-4029-b4aa-aa6ee86b54fc,0.03
f6652474-ea0a-4f6d-a40f-84455d5fc436,0.78
5b2ced0a-6dde-46a9-8e24-3760575d808a,0.05
9814e5c7-235b-452d-8aa1-b0dfdf6e1e22,0.93
7fc87f78-7bd8-499d-81c4-fa56a43fac63,0.5
e00e1e2a-97cb-4e56-84c0-4698d59b94ba,0.61
43d51cfb-5f21-46a6-b583-a043a2511074,0.56
d9abad39-7d69-4156-ad87-e9abccb21e0d,0.65
c928a424-19ec-444f-b8ed-4d17bc5a0a51,0.78
0c0a8420-13b9-47ba-ab86-0244667dfd40,0.74
9693ab07-c54e-48cb-a415-34c03e78bba3,0.07
ebd7a76f-4c50-4c0f-8307-8c4477b0d204,0.25
2631db7b-6a92-42ec-bcb4-82e59c511992,0.5
a7561c73-2f4e-44a1-bce5-554a9b0bebb0,0.44
5fb0178d-bb5e-4474-b1c6-f326157e2716,0.43
9ab7ad97-d2a4-48ef-8008-3aa02b2bc25d,0.04
ac0f3c26-cd41-4fef-a8be-f351a0db2780,0.69
db92be8c-e1cd-4965-8ecb-dd1b4f9eb912,0.25
671ab832-e7e0-4929-b0da-678607323046,0.67
fb9cfe7b-068d-4831-8587-7f7517fc7848,0.18
20f1153f-4397-4c81-91d5-30185ef0db68,0.83
57e2b3af-2812-4c81-b720-fe9c041132ae,0.96
bd6a0f1d-7007-433e-855f-fe540f8f4b28,0.19
6ab6daaa-d052-4154-9704-97c2254d8d19,0.11
9c910013-05da-4af5-8f20-a4b1484b3593,0.46
6e61d2ee-56a4-4eb4-ae09-d30ca6cce272,0.0
7763c64c-7411-46f3-bedc-5c4e32628979,0.89
9420c53a-296e-4364-8888-a5ab04004eac,0.13
95094a6a-5871-47be-aa6d-5914bc4130bd,0.63
5ce23c99-d2c3-4b23-adc4-6c991f6a8b34,0.37
b95181d0-b4ab-4298-a023-eefb3f59fe9c,0.36
1909fe4b-63a9-4d1d-99f3-1112c41c5134,0.1
6ad94591-976f-4a36-9dfe-8aabb644e18f,0.99
5f4e415b-d325-4a82-a1dd-382688490801,0.76
cb5c6312-da02-4c75-90aa-945b292e3466,0.02
5320db02-8efe-4fb1-ba97-db60300ef8d6,0.32
60e5b055-0212-4422-a8fe-db4069774f1c,0.05
da5f1b95-333e-460f-a223-4c208472d9e3,0.49
cfdecab1-04df-4490-a984-0dc165546e45,0.09
a92aa402-1357-408e-9b8e-cb6acd5cc91f,0.04
74411033-c97e-4389-9d1a-90f1694d3000,0.22
f137c40b-6b8c-4ac7-9377-b1acf918284e,0.09
d436a173-6359-4052-b494-c32508a11aa4,0.43
bc164e94-7c8c-4f9c-b532-e617bce209e9,0.01
9dbdbbc1-8181-4dbd-a484-8fe8aa6e8f1e,0.12
7c5009c2-892d-4455-8fc1-4b6e595177aa,0.39
2ff0a56b-d989-4e58-8df7-ab872ac99902,0.01
0931ed5e-31ec-473e-addb-62b4b64765ae,0.83
0e80df31-0566-4116-ae35-d7da6c40ee43,0.64
c752c401-37e5-4f65-a76c-cf129388c72c,0.62
e66f322a-019c-4cec-b0a9-16170eaf891c,0.72
f85cd733-9a01-4b24-ae56-a9d84a82a6c8,0.16
fa73b75a-a6b4-46d5-a787-be49437a7be0,0.08
960d6c57-2d48-419f-8c01-932dda17bac1,0.74
5aa1e4f1-c65b-4ad1-a210-e06495348a56,0.14
0444ba09-5873-4d20-9317-c91b25c9a406,0.23
d0530b47-a36a-413d-b8da-56bfb0a37588,0.37
2e30313f-2829-4e80-869e-5ce6c7f247b8,0.34
ab7b6ae2-e5e5-45c8-a8d4-853df3a2d348,0.93
c3ade4bd-d87d-4a47-b895-41f1d6bbcec2,0.94
a3a0d3fb-0b25-49c0-a969-e2c1b453410b,0.48
031dd696-da0b-4df0-8aa9-729ee90d6cd9,0.68
0c815f78-6b9e-4fbf-ba4a-e3165f89c5e6,0.61
900fbe5b-5ca5-4543-b155-c0f070c770a9,0.59
a7a41fc9-6b52-4bae-b30b-4b44c63e1d82,0.49
e5e4f7d5-0247-470c-b6a5-b7e39bb84909,0.77
54c985bf-49ee-4ef3-97e6-99f73d26a357,0.74
8e4109f6-dc5a-4efb-824a-53a35edc22e4,0.08
e3e4cd13-688a-4ba9-a071-a0aae7e22367,0.33
35d856de-b746-4445-869a-6db90a65db14,0.75
ce1c2982-cf21-4b79-85d0-6c7288645279,0.98
724a88ac-ab6f-4ba4-8876-5f8692e36792,0.34
a16cbfe5-82de-4200-9343-9563399e626c,0.0
1a0ec465-edfa-476c-8f90-fa6e0fad0104,0.39
fc670f97-d5d5-4d77-8e1f-81e8fb5a4e1d,0.63
fd76d3a2-f843-48c4-9cfc-7c032ff364c5,0.21
2fb2697e-cfec-435c-b7d3-cecf6f2a4be2,0.59
4a380c15-e6b1-4763-9876-eef2d76bc741,0.63
ec1f1069-3c79-4779-9555-fc4a99c29a01,0.92
fe2878a1-ecb3-4c21-89fd-b48d90eaf18a,0.71
7f74e134-b85c-4d1d-a938-747748bdf0f9,0.1
d3fd345a-8b41-4e46-bb5d-0a2b4bba3f72,0.13
69ef24e1-0e2d-49ca-b3bf-7377e80c0340,0.59
c3d46a33-9003-443d-91b5-5f0d759d3893,0.29
fae379c3-98df-43b9-91e0-9ac5663fa670,0.34
9bf216a0-953a-4cdc-8899-90ada024ffe6,0.84
79341ff0-1cea-4cf5-9df3-bc2933f841c7,0.36
9149bbaa-f336-41be-bcda-79a24b9adf26,0.04
5b819977-8912-4eae-92ec-55f8ee8d4b46,0.82
9c84ba87-14bd-433f-a295-c9f5a682a6db,0.77
5dd5e201-9ddc-4605-b5a1-15a6dc244207,0.25
51c7659d-191f-4c5d-a270-de3a68bf7e51,0.61
4a7a2dc4-d990-4d0c-afab-0edf66eafa73,0.03
9dbf67fb-be77-4a2c-b079-967ff2f8d46c,0.88
e7f4e23d-b502-4f9e-8d17-64ee1499c040,0.41
8940f003-50ea-4bc9-a3ee-9db5bcc19c0f,0.88
5fb8a019-2bbf-47b6-940f-2f6e26d62ea5,0.17
4b6ef86e-0d22-40a7-8bc5-7797bac3e174,0.39
92c9fe17-f0ef-429f-87b6-a56bc814e120,0.71
e48ef8cb-cbb0-43fe-ab04-278b286c15ca,0.38
1355809f-bd1d-4a7f-b8d5-202e09ecb7c4,0.13
c5eada21-62a7-422b-8beb-929a64dac43d,0.31
25b9ff00-d46b-405b-9c2f-3e60ef342839,0.5
58b1e77c-ce4a-4ec6-9b6a-f54c243c0db1,0.37
f449ff3b-7170-455c-8250-20ee62ee6f38,0.96
52afd8e9-2e01-4331-808f-3b06372477b3,0.22
a6a8d69e-f287-423f-8885-857658db5296,0.62
16002ee7-9655-46e7-b941-7542c78dd487,0.14
45a95bb1-137d-4ffd-9462-814a9f215e27,0.96
ff9be123-1712-4e5c-9ec1-6cf4396af044,0.24
ebdedb1b-b41c-4bfd-8909-f85146923b46,0.16
fd783610-0a4c-41e8-8e06-933d18506fe5,0.96
17a1a275-b676-4998-9cd6-adff763282e8,0.65
e8b2086d-c7f8-4f71-95f5-37bd8d1fc4fd,0.77
90a6edb6-e0ec-4827-ad76-d677d3ea5fb8,0.52
c4ce7e20-6210-4561-a402-a9686a26f368,0.5
3626d9a1-bbe5-4f2e-b6b7-772be05cf982,0.38
34659635-d0c5-431e-8e65-14ab055cc328,0.5
bf9ad18a-2eaf-43c1-ab02-10273452bab3,0.69
b25823cb-24d5-4799-87f5-1c8ac55fcf79,0.05
bdf76ae7-f137-4b09-80bb-65622b295333,0.66
5693948c-7724-4f9c-8c5c-29f6d915744d,0.06
243a6fd2-26c2-4b0c-926b-11882cee0264,0.5
1e6e96a3-f2b4-417a-8b98-4026bfa8e507,0.71
a89bc5a0-ce57-4e8d-815f-6697d0035594,0.41
b1bb9958-54ca-4aca-8fcd-7f0ab16fe454,0.63
6e586052-208d-4cef-8452-777944b32094,0.14
43f3104b-6233-4e6f-81b1-db8306ae6752,0.28
6ce404c6-905b-4076-b795-f77a78a3757c,0.32
7623b711-01b6-4948-b413-a2a231e7ec45,0.93
851c3956-6d07-447d-838c-6a8edd965ecc,0.26
485ed82f-24be-4dfb-b221-4104af36b205,0.35
b955eb7d-81c8-4ebd-a2ab-48965001fee1,0.28
1c150527-5f04-481c-bc1a-94e983f2f570,0.37
0d829cc9-6d97-410c-aeeb-babf783a3461,0.56
51646f8b-e32d-4d91-93bf-e2a686cf9ad2,0.96
01c0347b-a279-43f6-a4a6-3ef15b5c4954,0.26
7db1523e-d121-4e9e-84d4-ef42ab3cebd8,0.54
fc8e2457-0a89-4ce7-937e-7ff97c991f08,0.32
520d5eef-35df-41a2-8bad-c62f00ad5009,0.67
a289dd3f-1023-48dc-b1e2-a202fddeefe6,0.85
13eb31bf-e912-4559-a3b2-a75981621c6e,0.65
95176c60-9a01-4957-8f87-4985619ca26e,0.09
9e6bcd37-308b-4a8f-a2ee-81e7bec177f9,0.04
4bf4445c-2df2-4522-bf45-5406f1cd6f11,0.73
0ea1b188-aef9-4ead-91b0-6f692776e623,0.96
93988858-49a9-40fa-af8f-534d282d15a7,0.37
dacbc06a-3a52-492a-a01b-0352272574cd,0.12
cdf4d1bb-2569-4ec3-962e-d643d82584cd,0.3
f93e19cb-2006-4e73-bc23-75c77713f603,0.46
94784a82-5b91-4642-a694-98dbc6c7c9d7,0.99
3f800d49-6f6e-4520-8644-a3bd27666f46,0.87
1f2a7f6b-aabe-4605-8285-ca58025dde0d,0.51
e5c3769c-1734-405f-a3e3-1dc536d8d0e5,0.55
84cbcc13-2b7d-4fd9-aed2-e03fa0590711,0.14
686a62c8-0382-48a3-a9ca-f22b11fd3c00,0.28
905279a9-109e-4dbd-b77a-328dc438710b,0.07
daf8be9a-7a53-4665-81f9-43e1b831b407,0.04
e7288825-5e96-4a81-9fd1-f29549ccd39e,0.28
95e560fd-21b4-4ec5-b3e7-6e03fccbab1b,0.46
0797b710-50d7-4d2f-b75d-dcd478fb823d,0.67
6caa392d-5663-4773-b7f2-cc0d4ba5828e,0.75
fe6557ca-f80f-42fe-8a72-19df3dc82417,0.44
2391cdfb-8e63-41b2-a270-434fbcb97ea8,0.01
c7a9a6e7-6931-4c34-abbc-2b471bf9d008,0.26
89d51add-81e4-4813-8ddf-3da52cc61a16,0.94
3210d748-8c4c-4b3f-9458-dfb4ae83d5fa,0.35
5f95e7dc-43b7-498b-a0fc-9d4571448cb0,0.35
5d112e8a-675a-4441-abe3-fb02f3845819,0.25
135dc859-7831-4925-ba4d-304f6d89a29f,0.42
3ef25259-9306-4571-b876-2d3883c36d8f,0.26
81c2c46e-4650-4d76-9d8f-c2e3f878e391,0.68
65fcfb9b-109e-4356-9d3b-baaaf92aad28,0.19
aa3b6b7d-ea94-47a8-986c-d6399f665d2e,0.1
603dbedc-59d9-4fde-a08c-1186bb7cd286,0.73
0ae9cbc1-fb11-4f17-9702-e88da59f8285,0.37
00aa72b3-63d2-44a7-940d-388e1d3298e4,0.05
cb8414be-ac5e-4613-8a07-0fa0b207d332,0.71
663fb91c-7116-46c4-9ea0-afaed6f072d5,0.22
b31f8ff6-da20-4366-85e4-ea5ccd08c3d1,0.46
02e0188d-2424-47d3-81c6-9bc4304f0179,0.89
c737c943-e62b-4c17-b88b-b2cc0462bae0,0.45
51082d7f-d55d-434c-a9c9-d7b2fd540ee2,0.11
c0091598-5fd3-47d1-a481-470135da309c,0.89
fd921611-5134-49fd-b068-fa9d5a54648d,0.12
a91d1bd8-5550-413e-88f6-0ff3cf5fcd80,0.61
3c0c66a0-26ca-4b6a-b717-b2b802888818,0.81
e51656e1-a482-4aac-b3a2-59539dcc52c9,0.88
f25172df-b4ff-4928-9414-2412644bf7a4,0.96
5ed8c5c1-5132-4f2e-9fe0-aa68bf3c9bad,0.59
89c5961a-1f34-46f9-9afc-68ffa4ccab54,0.42
436809d4-b4ca-4219-a93d-f29a6e788adb,0.75
b2b8663b-3e43-4577-bbeb-a34f67b1f062,0.99
3671612a-9f3d-4334-b0aa-be13a13013d9,0.67
50f080b2-eba3-4c20-a396-1b5e79acaf1a,0.04
0c5d2050-fa5c-4751-a3cc-078c1a47f53d,0.36
5e88a6b9-4c1d-4d4a-8245-63c629b9a41a,0.71
20cbb2d6-1bb0-49af-969d-06baa28ddbfb,0.91
9769621c-e685-45a6-9ca1-1f43b2966cc0,0.3
f165152f-bfa5-43cc-87f2-6843a8cf8421,0.08
6ff5a211-02a5-4934-b051-c86ea79a0610,0.5
61cc487e-84cb-43f0-9c9a-26407afb0ff8,0.28
7c6daf5b-57e2-4b1f-ae7e-a2be4853536a,0.77
33a80014-b026-4c84-9f0b-8a2408e2fa5c,0.39
6e971e07-416d-4c69-bdd7-b316a0995806,0.4
79d0f7a7-f207-429c-bd57-025f95babd10,0.85
1ac9e836-fb39-4a0f-9bc4-d1d2627cc877,0.1
7b1241ba-b3ce-46f0-90d0-d38a309d8d8e,0.22
fe5cf3ea-b27e-4495-a4ca-e94040617893,0.0
ee833709-6d9d-4b22-a66b-003ffd239796,0.45
8cafe563-0675-403e-957d-613ea156d8ba,0.2
064a2cf6-2c36-4f8f-9f4d-be59d08efa6b,0.89
82d0e599-1c50-4fea-8d0a-edb2e0a5f593,0.35
90a03619-6403-4583-988e-412161eae9c2,0.53
aaf808c9-6115-47b5-bf0a-857aa33f0f1d,0.86
414f5a4f-05c2-443b-8755-038c6455655f,0.56
81a95309-cf67-482c-97d7-90c6cae52488,0.0
b17ee1e0-8784-4267-94b5-549e1d70931a,0.62
42a51d34-95e7-46cc-b63d-8e6053a4ae45,0.53
6a962632-1609-4446-8fc7-1ae946524ddf,0.54
c2443007-7332-4875-8b7b-6f93ca4568aa,0.39
9f6d45c0-355b-40b0-b3b9-306fa70c2212,0.14
57ab3262-a0ac-42ea-a045-64cb76922185,0.2
3b4bcd38-ff10-461a-a53f-d51865e609c7,0.46
4ac25125-07f6-4fd6-af77-eddc98ce2742,0.72
9cf37c64-ec3a-4d7b-bae0-2361fd2d6498,0.52
3e7491d4-1196-473b-b2ce-f5f78cba671d,0.08
e90752eb-0f58-4bfe-99fd-690d2c5a06f7,0.73
fd6b127e-283e-46ad-a3a3-8fefff1ce641,0.51
b26cb594-9fcb-4243-bb54-003c00c418e7,0.56
ec8028f9-7472-4f2b-9d69-66f666f27e3c,0.25
6e3dea33-66b4-4927-8d04-7073c8f01995,0.4
c098342c-b216-4634-88e0-2639b94c4605,0.34
a25ec6e4-5679-4de3-bb2c-24ab4a453399,0.62
1d76ad16-2def-4d50-b0b0-41dce25dc180,0.24
44da72b3-7e70-4755-9c33-7538cee01040,0.89
87b111e5-798e-4851-ac50-6e1a998a792f,0.74
81c5e309-dcb6-48d8-a57b-4746ae4569a6,0.37
ce50ff7f-a19d-4804-a6c5-a395faf4e459,0.01
de1252d7-1c6e-4b1e-b112-fd74444171f6,0.06
75d9bc34-71ab-436c-ba69-7e8b92426d87,0.81
6378b1ed-7579-4ab0-b6c1-4cb731b0cf49,0.9
9d543ff8-45e1-42db-a2e1-463b874231db,0.33
fea62e4f-8f5d-4b40-b82c-a57f134b0f44,0.9
d656a2f3-7e9c-414a-9e7a-41dcf4afa720,0.16
0d79b389-5102-4d9f-9f88-00649216497e,0.42
33cf21f4-0f69-4a8a-b2fb-d0f43f52e2c9,0.58
c0c5334f-5ff6-4bec-b165-27a76e8cd850,0.5
8a74e7ad-c583-4ff3-bd67-1a64fd54a7bc,0.53
4a8ac66f-c857-44a7-a624-f1d4a2e0d472,0.23
de9d5043-6934-4eb4-92c6-cb767803a119,0.24
2b67cd1e-e104-4540-981e-d828961b210e,0.7
9eded9ee-0eb4-49f4-914a-f58924797bdf,0.51
e95d08eb-1273-4094-9173-c47368222c0d,0.69
2f315a7b-2e82-44a2-8597-1779102ace09,0.87
